id,first_name,last_name,email
1,Shepperd,Hatwell,shatwell0@wordpress.com
2,Bryn,Flegg,bflegg1@oaic.gov.au
3,Lydie,Griffitts,
4,Odelia,Hiddy,
5,Tibold,Kwietak,
6,Sidonia,Burleigh,
7,Thomasa,Befroy,tbefroy6@google.co.jp
8,Darb,Castri,
9,Haydon,Sammars,hsammars8@economist.com
10,Deeyn,Billson,dbillson9@dyndns.org
11,Jean,Tadgell,
12,Rochell,Sapp,rsappb@networksolutions.com
13,Darice,Lorriman,
14,Gizela,Wallach,
15,Paulina,Ferroni,
16,Kat,Grzelewski,kgrzelewskif@jimdo.com
17,Phylys,Camoletto,
18,Kelcie,Crowley,kcrowleyh@sun.com
19,Meryl,Pottery,mpotteryi@csmonitor.com
20,Shirline,Olenchenko,solenchenkoj@narod.ru
21,Ardelle,Duigenan,aduigenank@forbes.com
22,Netty,Alflatt,nalflattl@jalbum.net
23,Jocelyne,Pennell,
24,Trent,Haggarth,thaggarthn@fema.gov
25,Hakeem,Kenaway,
26,Sibby,Waite,swaitep@soundcloud.com
27,Melitta,Middell,mmiddellq@acquirethisname.com
28,Jessalyn,Radley,jradleyr@usgs.gov
29,Audie,Feldberger,afeldbergers@behance.net
30,Salome,Mac Giolla Pheadair,smacgiollapheadairt@yellowpages.com
31,Stanislaus,Turnor,
32,Marjory,Woollett,
33,Kendrick,Zellner,kzellnerw@sohu.com
34,Anastasie,Stainson,astainsonx@nba.com
35,Delphinia,Slowly,dslowlyy@google.nl
36,Tawsha,Harmeston,
37,Berna,Dineen,bdineen10@ibm.com
38,Woodman,Dessant,wdessant11@japanpost.jp
39,Ferdie,Jeannequin,
40,Scotty,Rubery,
41,Renee,Welling,
42,Lettie,Fern,lfern15@cdbaby.com
43,Lusa,Kersey,lkersey16@behance.net
44,Nicolle,Snazle,nsnazle17@nifty.com
45,Heall,Rutley,
46,Hazlett,Valencia,hvalencia19@posterous.com
47,Elsbeth,Benley,ebenley1a@dyndns.org
48,Shandy,Ubsdell,subsdell1b@newyorker.com
49,Silvan,Seabright,sseabright1c@nasa.gov
50,Tarah,Kindon,
51,Clerissa,Simmell,
52,Tarra,McLeoid,
53,Elfreda,Mallabon,emallabon1g@hubpages.com
54,Alysia,Danton,adanton1h@narod.ru
55,Garrard,Jone,gjone1i@thetimes.co.uk
56,Jory,Crampsey,
57,Zack,Ephson,
58,Jervis,Sheerin,jsheerin1l@ca.gov
59,Lindy,Raunds,
60,Marney,Norcross,mnorcross1n@latimes.com
61,Ly,Cough,lcough1o@quantcast.com
62,Kevon,Benka,
63,Myrah,Kerswill,mkerswill1q@google.com.hk
64,Demetris,Kobiela,
65,Linus,Pohling,lpohling1s@nature.com
66,Bev,Van der Beken,bvanderbeken1t@mayoclinic.com
67,Annetta,Bentson,
68,Stephen,Masterson,smasterson1v@loc.gov
69,Lanita,Le Moucheux,
70,Frannie,Connor,fconnor1x@addthis.com
71,Milka,Morales,mmorales1y@google.it
72,Marietta,Gurley,mgurley1z@storify.com
73,Sancho,Lewcock,slewcock20@patch.com
74,Jeniece,Davidowich,jdavidowich21@cyberchimps.com
75,Tobe,Staves,tstaves22@springer.com
76,Obediah,Gamblin,ogamblin23@upenn.edu
77,Aindrea,Paur,apaur24@myspace.com
78,Christopher,Dassindale,cdassindale25@freewebs.com
79,Craggy,Texton,ctexton26@google.de
80,Lea,Chance,lchance27@wsj.com
81,Larina,MacCorley,
82,Jamal,Bryenton,
83,Damon,Falshaw,dfalshaw2a@hostgator.com
84,Dominick,Pocke,dpocke2b@merriam-webster.com
85,Ignacius,Ventura,
86,Cherilyn,Calderwood,
87,Harriot,Meaker,
88,Randi,Skilbeck,
89,Ernesta,Wilbor,
90,Enid,Sauter,esauter2h@studiopress.com
91,Alfred,Crolly,acrolly2i@goodreads.com
92,Rafaelita,Muirden,
93,Rudyard,Isakov,risakov2k@aol.com
94,Giulio,Onion,gonion2l@networksolutions.com
95,Stephani,Lunam,slunam2m@studiopress.com
96,Jule,Chapling,jchapling2n@sfgate.com
97,Orbadiah,Brandsma,
98,Gilburt,Hallifax,ghallifax2p@washington.edu
99,Richie,Touzey,
100,Marleah,Burkill,mburkill2r@wordpress.com
101,Grethel,Lumber,glumber2s@uol.com.br
102,Obed,Badsworth,
103,Ansley,Bantham,abantham2u@engadget.com
104,Obadiah,Union,ounion2v@smh.com.au
105,Courtnay,Goathrop,cgoathrop2w@flavors.me
106,Konstanze,Shyre,kshyre2x@wordpress.com
107,Tracy,Ovington,tovington2y@sitemeter.com
108,Alidia,Shortin,ashortin2z@hao123.com
109,Erik,Edbrooke,eedbrooke30@mail.ru
110,Thain,Stebbin,
111,Riccardo,O'Crotty,
112,Cybill,Colenutt,ccolenutt33@forbes.com
113,Nanni,Ouver,
114,Alf,Whimper,awhimper35@odnoklassniki.ru
115,Kean,Hurran,khurran36@salon.com
116,Aaren,Cicconettii,acicconettii37@123-reg.co.uk
117,Indira,Egdell,iegdell38@apache.org
118,Marco,Saundercock,
119,Jordain,Belchamp,jbelchamp3a@adobe.com
120,Gasper,Bauchop,
121,Gilles,Hitzschke,
122,Alonso,Nappin,
123,Bobby,Swanton,
124,Courtnay,Milverton,cmilverton3f@over-blog.com
125,Erskine,Medling,emedling3g@uol.com.br
126,Erena,Allone,
127,Ogdon,Yousef,oyousef3i@guardian.co.uk
128,Eada,Bailes,
129,Michel,Beyer,
130,Rici,Di Boldi,
131,Marigold,Hamber,mhamber3m@yellowbook.com
132,Jared,Garnham,jgarnham3n@slate.com
133,Sky,Dowdell,sdowdell3o@merriam-webster.com
134,Robinetta,McGettrick,rmcgettrick3p@scribd.com
135,Samuele,Pounder,spounder3q@squidoo.com
136,Amabelle,Bernot,abernot3r@disqus.com
137,Walliw,Fowle,wfowle3s@reference.com
138,Madison,Winckles,mwinckles3t@blogtalkradio.com
139,Aloisia,Conkey,aconkey3u@flickr.com
140,Hallsy,Winnard,
141,Ryan,Cuddy,
142,Krissie,Burras,kburras3x@bizjournals.com
143,Shani,Langrick,slangrick3y@eventbrite.com
144,Fransisco,Kerfut,
145,Winonah,Beadel,
146,Toddy,Helsby,
147,Mendy,Bagenal,mbagenal42@chronoengine.com
148,Link,Torpie,ltorpie43@merriam-webster.com
149,Rhiamon,Lewty,rlewty44@cbc.ca
150,Kelly,De Domenico,kdedomenico45@upenn.edu
151,Barry,Jaqueme,bjaqueme46@sitemeter.com
152,Alwyn,Gatteridge,agatteridge47@blinklist.com
153,Claybourne,Triggs,
154,Buckie,Elwill,
155,Ephrayim,Antczak,eantczak4a@google.com
156,Tildie,Mustill,tmustill4b@netvibes.com
157,Aggi,Onion,aonion4c@harvard.edu
158,Jenine,Isaak,
159,Jude,Renhard,jrenhard4e@icq.com
160,Courtney,Snead,csnead4f@e-recht24.de
161,Wald,Indruch,
162,Ermina,Newbery,enewbery4h@sina.com.cn
163,Kendal,Mitchley,kmitchley4i@nih.gov
164,Sheppard,Treweke,streweke4j@bandcamp.com
165,Aron,Prayer,aprayer4k@bloomberg.com
166,Janine,Mauchlen,
167,Nicol,Goodhand,ngoodhand4m@uol.com.br
168,Corliss,Honig,chonig4n@theguardian.com
169,Portia,Hearst,phearst4o@paypal.com
170,Catlee,Hardy-Piggin,chardypiggin4p@ifeng.com
171,Daisey,Gilling,
172,Oates,Kneebone,
173,Nixie,Lardeux,
174,Lynnette,Beadles,lbeadles4t@abc.net.au
175,Geoff,Guiness,
176,Carmencita,Patsall,cpatsall4v@pagesperso-orange.fr
177,Elianora,Beamond,ebeamond4w@barnesandnoble.com
178,Bonnie,Ryley,
179,Fiona,Derell,fderell4y@friendfeed.com
180,Valerye,Creegan,
181,Nissa,Bartul,nbartul50@surveymonkey.com
182,Kariotta,Womersley,
183,Marys,Grist,mgrist52@shareasale.com
184,Danit,Arger,darger53@si.edu
185,Nanine,O' Donohoe,nodonohoe54@discuz.net
186,Ashlin,Grennan,agrennan55@seattletimes.com
187,Kristi,Cadany,kcadany56@yandex.ru
188,Kirsteni,McOwan,
189,Beau,Ewestace,bewestace58@ft.com
190,Wayne,Domico,wdomico59@wordpress.com
191,Samaria,Lampert,slampert5a@blogger.com
192,Friedrich,Jeannel,fjeannel5b@elegantthemes.com
193,Pansy,Spiers,pspiers5c@amazon.co.jp
194,Henri,O'Lagen,holagen5d@techcrunch.com
195,Haskel,Ebbetts,
196,Jasmin,Molloy,jmolloy5f@lycos.com
197,Marquita,Charley,
198,Eleonore,Camell,
199,Sydney,Gledstane,
200,Lynnelle,Sloyan,lsloyan5j@marriott.com
201,Meridel,Janata,mjanata5k@zimbio.com
202,Karlie,Juszczak,
203,Tristam,Sidary,tsidary5m@github.com
204,Abe,MacCrann,amaccrann5n@china.com.cn
205,Rosco,O'dell,rodell5o@free.fr
206,Jobie,Gameson,jgameson5p@cocolog-nifty.com
207,Johnathan,Hubeaux,
208,Friedrick,Warren,
209,Alfonse,Doog,adoog5s@jugem.jp
210,Winfred,Jerrems,wjerrems5t@facebook.com
211,Teddi,Endersby,
212,Ave,Canedo,acanedo5v@unicef.org
213,Veronique,Waggitt,vwaggitt5w@marriott.com
214,Temp,Celler,
215,Reinwald,Kenworthey,
216,Stacee,Rizzardini,srizzardini5z@angelfire.com
217,Conrade,Grzegorzewski,cgrzegorzewski60@seattletimes.com
218,Langston,Jacks,ljacks61@biglobe.ne.jp
219,Dorolisa,McCoveney,dmccoveney62@cdc.gov
220,Sara,Robins,srobins63@people.com.cn
221,Giana,Doncaster,
222,Bobina,Ceyssen,
223,Darby,McGlaud,dmcglaud66@parallels.com
224,Sheffield,Lydiatt,slydiatt67@usa.gov
225,Berk,Findlow,
226,Enrichetta,Lazenby,elazenby69@scribd.com
227,Dillie,Grewer,dgrewer6a@google.com.hk
228,Ninon,Markie,
229,Berty,Drains,bdrains6c@oracle.com
230,Thorvald,Smorfit,tsmorfit6d@bloomberg.com
231,Paule,Bosdet,pbosdet6e@naver.com
232,Wilden,Losbie,wlosbie6f@blinklist.com
233,Berton,Martinelli,bmartinelli6g@barnesandnoble.com
234,Aimil,MacDougall,amacdougall6h@dropbox.com
235,Roldan,Fumagall,rfumagall6i@acquirethisname.com
236,Brande,Radolf,bradolf6j@bbb.org
237,Tabbie,Ravenhills,travenhills6k@wikispaces.com
238,Doreen,Espinheira,despinheira6l@sciencedaily.com
239,Cullan,French,
240,Lauralee,Atger,latger6n@list-manage.com
241,Sascha,Lacknor,slacknor6o@apple.com
242,Hermie,Tonbye,
243,Christie,Pulman,
244,Cyril,Nossent,
245,Tobi,Hacking,thacking6s@rambler.ru
246,Ray,Sharpley,rsharpley6t@histats.com
247,Dorian,Swansbury,dswansbury6u@linkedin.com
248,Angelina,Stichel,astichel6v@privacy.gov.au
249,Odetta,Schwaiger,oschwaiger6w@theglobeandmail.com
250,Genny,Berrick,
251,Kerr,Scarlan,
252,Christie,Corwood,ccorwood6z@unblog.fr
253,Celine,Graveston,cgraveston70@so-net.ne.jp
254,Nerte,Shillabeare,nshillabeare71@java.com
255,Robbin,Livingstone,rlivingstone72@shop-pro.jp
256,Archambault,Ferreri,aferreri73@weather.com
257,Carmelina,Starking,
258,Fonzie,Bernardino,fbernardino75@google.de
259,Luciano,Wallentin,lwallentin76@parallels.com
260,Shaw,Petroulis,spetroulis77@gnu.org
261,Melli,Grimme,mgrimme78@typepad.com
262,Robert,Le Marchant,rlemarchant79@amazon.de
263,Virgie,Wrintmore,vwrintmore7a@google.fr
264,Romy,Rengger,
265,Mickie,Zoanetti,
266,Melosa,Brookz,mbrookz7d@mashable.com
267,Stacee,Le Fleming,slefleming7e@cpanel.net
268,Sybila,Branton,
269,Adolf,Northover,anorthover7g@miitbeian.gov.cn
270,Nealon,MacBrearty,nmacbrearty7h@acquirethisname.com
271,Urbanus,Zaniolini,uzaniolini7i@cpanel.net
272,Prue,Konert,
273,Annabal,Heindl,aheindl7k@nature.com
274,Gillian,Crighton,gcrighton7l@networkadvertising.org
275,Darryl,Allworthy,
276,Leupold,Windrass,lwindrass7n@delicious.com
277,Wallis,Scahill,wscahill7o@dmoz.org
278,Chantalle,Poplee,
279,Cherice,Burgis,cburgis7q@shareasale.com
280,Jillie,Wilber,
281,Georges,Bramelt,
282,Lonee,Glanders,
283,Florance,Millership,fmillership7u@xing.com
284,Frederigo,Brise,
285,Aline,Knowles,
286,Guido,Martinot,gmartinot7x@oracle.com
287,Lorinda,Glanester,
288,Juanita,McGivena,jmcgivena7z@springer.com
289,Georgina,McDade,
290,Laney,Nequest,lnequest81@discuz.net
291,Gay,Poles,
292,Miof mela,Blakeney,mblakeney83@wordpress.org
293,Sebastiano,Tesdale,stesdale84@mac.com
294,Billie,Tissiman,
295,Rebbecca,Uttley,
296,Gunilla,Meade,gmeade87@twitpic.com
297,Doria,Runnacles,
298,Karin,Skingle,
299,Justino,Birdsall,jbirdsall8a@nasa.gov
300,Hazel,Mate,hmate8b@stumbleupon.com
301,Lidia,Birkett,lbirkett8c@prlog.org
302,Gilbertine,Morey,gmorey8d@elpais.com
303,Ingeborg,MacHarg,imacharg8e@epa.gov
304,Ros,Rival,rrival8f@mapy.cz
305,Chiquita,Regina,cregina8g@europa.eu
306,Roderic,Padginton,
307,Barclay,Brackstone,
308,Nariko,Imlen,nimlen8j@zdnet.com
309,Jasen,Couzens,jcouzens8k@fc2.com
310,Holden,Raitt,hraitt8l@instagram.com
311,Therese,Dullingham,tdullingham8m@ustream.tv
312,Edd,Corkell,ecorkell8n@wikipedia.org
313,Valentine,Minillo,vminillo8o@ehow.com
314,Hewie,Belch,hbelch8p@japanpost.jp
315,Cristi,Kohler,ckohler8q@de.vu
316,Claire,Goakes,cgoakes8r@adobe.com
317,Norris,Melwall,nmelwall8s@cyberchimps.com
318,Manda,Netting,mnetting8t@smh.com.au
319,Charleen,Ricca,
320,Sisile,Wilks,swilks8v@jalbum.net
321,Felicle,Dominetti,fdominetti8w@dot.gov
322,Ivor,Aikenhead,
323,Abigail,Doick,adoick8y@scribd.com
324,Bud,Aveline,baveline8z@elegantthemes.com
325,Jennifer,Lyall,
326,Shandee,Gerber,sgerber91@desdev.cn
327,Vinny,Mougel,vmougel92@bloomberg.com
328,Mead,Ridesdale,
329,Yalonda,Cartmael,
330,Domenico,Crucetti,
331,Karil,Aynold,kaynold96@webs.com
332,Araldo,Redmond,
333,Roobbie,Ygou,rygou98@4shared.com
334,Derby,Freebury,dfreebury99@cnn.com
335,Flor,Jeanneau,fjeanneau9a@liveinternet.ru
336,Hersh,Burgne,
337,Dwain,Grieswood,
338,Husain,Powlesland,hpowlesland9d@goodreads.com
339,Timoteo,Saffin,
340,Carley,Pavlasek,cpavlasek9f@sfgate.com
341,Minetta,Streight,mstreight9g@fda.gov
342,Birgitta,Merryfield,
343,Federico,Semorad,fsemorad9i@arstechnica.com
344,Giacomo,Kingdon,
345,Elysia,Seymer,
346,Pepi,Gencke,
347,Prissie,Mathouse,pmathouse9m@reverbnation.com
348,Shelagh,Bullen,sbullen9n@cafepress.com
349,Amara,Davern,adavern9o@dion.ne.jp
350,Darwin,Andriveau,dandriveau9p@ovh.net
351,Tristam,Clotworthy,tclotworthy9q@npr.org
352,Thedric,Toohey,ttoohey9r@tmall.com
353,Joshuah,Lowden,
354,Aloysius,Shulver,
355,Jason,Getch,jgetch9u@merriam-webster.com
356,Jakob,Meacher,jmeacher9v@sphinn.com
357,Dre,Reinert,dreinert9w@youku.com
358,Willie,Guard,wguard9x@xinhuanet.com
359,Kial,Bartlam,kbartlam9y@soundcloud.com
360,Berton,Newcomen,bnewcomen9z@wufoo.com
361,Cointon,Lecount,clecounta0@youtube.com
362,Georgi,Piatek,gpiateka1@topsy.com
363,Shelly,Fallowes,sfallowesa2@tmall.com
364,Crawford,Woolcocks,cwoolcocksa3@facebook.com
365,Idelle,Maggorini,imaggorinia4@freewebs.com
366,Thomasina,Siccombe,tsiccombea5@paypal.com
367,Barri,Fildery,bfilderya6@ft.com
368,Glennis,Rennox,grennoxa7@diigo.com
369,Agatha,Ternott,aternotta8@china.com.cn
370,Anselma,Grinstead,agrinsteada9@illinois.edu
371,Leland,Crayk,lcraykaa@plala.or.jp
372,Munmro,Coole,mcooleab@aboutads.info
373,Yves,Lindblad,
374,Halli,Paddington,hpaddingtonad@opera.com
375,Meggi,Behrendsen,mbehrendsenae@indiegogo.com
376,Jackelyn,Piesold,jpiesoldaf@sina.com.cn
377,Johnathan,Timlett,
378,Jessie,Eayrs,jeayrsah@a8.net
379,Bryn,Bourgeois,bbourgeoisai@va.gov
380,Percy,Farnworth,pfarnworthaj@qq.com
381,Konrad,Birks,kbirksak@dion.ne.jp
382,Dorothea,Bowe,
383,Kelsy,Gemson,kgemsonam@cisco.com
384,Cornelius,Fairest,cfairestan@networksolutions.com
385,Kort,Julyan,kjulyanao@about.com
386,Jill,Bugge,jbuggeap@github.com
387,Adriena,Lusher,alusheraq@flickr.com
388,Joell,Mitchell,jmitchellar@gov.uk
389,Bart,Matula,
390,Kirby,Bowser,kbowserat@nymag.com
391,Fleming,Joinson,
392,Diego,Libbis,dlibbisav@netlog.com
393,Calida,Minchell,cminchellaw@webnode.com
394,Pamelina,Bostock,pbostockax@ucoz.ru
395,Connor,Pally,
396,Margeaux,Esselen,messelenaz@flavors.me
397,Jody,Polsin,
398,Lydie,Potapczuk,
399,Orin,Broschke,
400,Haskel,MacEntee,hmacenteeb3@moonfruit.com
401,Onida,Morecombe,omorecombeb4@comcast.net
402,Constantina,Sugden,csugdenb5@friendfeed.com
403,Sigfrid,Huitson,shuitsonb6@sun.com
404,Gray,Surtees,gsurteesb7@people.com.cn
405,Hazlett,Washington,hwashingtonb8@illinois.edu
406,Scott,Hallybone,shallyboneb9@qq.com
407,Clair,Tourville,
408,Burk,Noorwood,bnoorwoodbb@baidu.com
409,Ahmad,Crickmoor,acrickmoorbc@latimes.com
410,Simona,Duddridge,sduddridgebd@hubpages.com
411,Sharity,Goldster,sgoldsterbe@uiuc.edu
412,Carlos,Bachnic,
413,Lois,Drennan,ldrennanbg@studiopress.com
414,Lianna,Pincott,lpincottbh@whitehouse.gov
415,Elmer,Dutton,eduttonbi@shareasale.com
416,Remus,Geydon,rgeydonbj@flickr.com
417,Nertie,Corton,
418,Drugi,McSperron,dmcsperronbl@surveymonkey.com
419,Flint,Jozsa,fjozsabm@trellian.com
420,Sabina,Meadowcraft,smeadowcraftbn@digg.com
421,Lian,Entissle,
422,Cameron,Margram,
423,Nadean,Keaton,nkeatonbq@imgur.com
424,Cchaddie,Crole,
425,Jorrie,Verma,jvermabs@howstuffworks.com
426,Alard,Buyers,abuyersbt@dot.gov
427,Gene,Izon,gizonbu@yahoo.co.jp
428,Andros,Ogborn,aogbornbv@techcrunch.com
429,Roland,Aronowicz,raronowiczbw@printfriendly.com
430,Nikolos,Greatham,
431,Bucky,Goulston,bgoulstonby@usa.gov
432,Libbie,Ingledew,lingledewbz@google.it
433,Monti,Godsal,mgodsalc0@latimes.com
434,Charita,Faber,cfaberc1@4shared.com
435,Anallese,Kremer,
436,Sabra,Killiner,
437,Filippo,Areles,farelesc4@msn.com
438,Dominic,Bartrum,dbartrumc5@gmpg.org
439,Bobbi,MacVaugh,bmacvaughc6@sun.com
440,Winifield,Hedman,whedmanc7@t-online.de
441,Alexine,Sowden,asowdenc8@ning.com
442,Arabelle,Bortolutti,abortoluttic9@unc.edu
443,Cheston,Weight,cweightca@guardian.co.uk
444,Rosemonde,Paroni,rparonicb@cbsnews.com
445,Maressa,Plampin,
446,Elizabeth,Causton,ecaustoncd@taobao.com
447,Pyotr,Lisamore,plisamorece@flickr.com
448,Oralla,Stockow,
449,Simone,Brekonridge,
450,Cristina,Hansie,chansiech@weebly.com
451,Marilee,Ludlam,mludlamci@canalblog.com
452,Brittne,Dmitrovic,
453,Thoma,Kaysor,tkaysorck@sohu.com
454,Estel,Betts,ebettscl@mac.com
455,Dorothy,Wakley,dwakleycm@google.co.jp
456,Margeaux,Kinchin,mkinchincn@harvard.edu
457,Nissy,Corbett,ncorbettco@twitpic.com
458,Ulrick,Brownlie,
459,Daryl,Pietzke,dpietzkecq@smugmug.com
460,Clair,Schubuser,cschubusercr@nyu.edu
461,Sergent,Kingsnorth,
462,Casper,Goodlet,cgoodletct@shutterfly.com
463,Athene,Goldsworthy,
464,Francis,Tregien,
465,Zack,Pavett,zpavettcw@google.it
466,Lorant,Meaking,lmeakingcx@digg.com
467,Dawna,Dutch,ddutchcy@skype.com
468,Hali,Train,
469,Culver,Albiston,
470,Janelle,Klimentyev,jklimentyevd1@geocities.com
471,Ermanno,Quernel,equerneld2@sfgate.com
472,Mycah,Jaggi,mjaggid3@cam.ac.uk
473,Mord,Latta,mlattad4@washington.edu
474,Irwinn,Dyster,idysterd5@forbes.com
475,Danyette,Krzyzaniak,dkrzyzaniakd6@amazon.co.jp
476,Raphael,Celier,rcelierd7@state.gov
477,Fianna,Mingaud,
478,Anabella,Lantry,alantryd9@springer.com
479,Jasun,Kullmann,jkullmannda@ifeng.com
480,Donavon,Pryor,dpryordb@bloomberg.com
481,Marlyn,Paulino,mpaulinodc@statcounter.com
482,Lucine,Brunnstein,lbrunnsteindd@marriott.com
483,Persis,Fasset,pfassetde@goodreads.com
484,Emlyn,Lagadu,elagadudf@list-manage.com
485,Seward,Bullocke,sbullockedg@w3.org
486,Barry,Plaskitt,bplaskittdh@xinhuanet.com
487,Derek,O' Neligan,
488,Arleyne,Junifer,ajuniferdj@ed.gov
489,Robby,Pym,rpymdk@sogou.com
490,Delmore,Ivanishev,
491,Blondell,Christol,bchristoldm@cbc.ca
492,Foster,Blagbrough,fblagbroughdn@cafepress.com
493,Ailbert,Feedome,afeedomedo@tmall.com
494,Sammy,Retallick,
495,Dallis,Zealander,dzealanderdq@oracle.com
496,Paton,Baggelley,pbaggelleydr@twitpic.com
497,Dot,Kelley,dkelleyds@noaa.gov
498,Kim,Cheson,kchesondt@taobao.com
499,Kora,Feake,kfeakedu@sogou.com
500,Jaquith,Withrop,jwithropdv@wp.com
501,Hermia,Wildor,hwildordw@blogspot.com
502,Jacobo,Morbey,jmorbeydx@de.vu
503,Conrado,Grange,cgrangedy@netlog.com
504,Gabriella,Dawidowsky,gdawidowskydz@mit.edu
505,Stanleigh,Kerford,
506,Silvain,Chimes,
507,Maurene,Whate,
508,Kippy,Blennerhassett,kblennerhassette3@g.co
509,Ellary,Martell,emartelle4@google.ca
510,Carmencita,Orcott,corcotte5@topsy.com
511,Gratia,Gregolotti,ggregolottie6@addthis.com
512,Sonny,Ruberry,
513,Marj,Sange,msangee8@pbs.org
514,Maurice,Bilsborrow,mbilsborrowe9@comsenz.com
515,Hailey,Llewellyn,hllewellynea@oracle.com
516,Bobbette,Haney`,bhaneyeb@amazon.co.uk
517,Leeann,Coon,lcoonec@myspace.com
518,Joe,Schwier,
519,Jodee,Tolfrey,
520,Jonell,Triggs,jtriggsef@weather.com
521,Ursola,Hamshaw,uhamshaweg@seesaa.net
522,Margot,Braney,mbraneyeh@businesswire.com
523,Had,Kislingbury,hkislingburyei@cnn.com
524,Rodd,Josifovic,rjosifovicej@topsy.com
525,Jessamine,Chiechio,jchiechioek@oracle.com
526,Edi,Apperley,eapperleyel@baidu.com
527,Urbain,Cohan,ucohanem@auda.org.au
528,Thatcher,Ahmed,
529,Mervin,Krysztofiak,mkrysztofiakeo@apache.org
530,Claresta,Allen,callenep@posterous.com
531,Flynn,Rentz,frentzeq@icio.us
532,Luise,Brigstock,lbrigstocker@sciencedirect.com
533,Winn,Kinvan,
534,Doloritas,Linge,
535,Anneliese,Ashard,aashardeu@gov.uk
536,Electra,Hawken,ehawkenev@omniture.com
537,Dareen,BURWIN,dburwinew@liveinternet.ru
538,Renato,Pirkis,
539,Burl,Vasiliu,bvasiliuey@ucsd.edu
540,Molly,Stonhouse,
541,Melvin,Joannidi,
542,Valentia,Chesswas,vchesswasf1@homestead.com
543,Halsy,Laurance,hlaurancef2@spotify.com
544,Karlyn,O'Suaird,kosuairdf3@japanpost.jp
545,Kelley,Labb,klabbf4@meetup.com
546,Philbert,Skiplorne,pskiplornef5@list-manage.com
547,Cathryn,Carbert,
548,Blanche,Finci,
549,Ilaire,Loder,iloderf8@theguardian.com
550,Cassandra,Brinsford,cbrinsfordf9@furl.net
551,May,Hauxby,mhauxbyfa@nasa.gov
552,Margo,Cardwell,mcardwellfb@netvibes.com
553,Halette,Jelley,hjelleyfc@surveymonkey.com
554,Felicity,Simco,fsimcofd@homestead.com
555,Pollyanna,Tallquist,ptallquistfe@bravesites.com
556,Mignon,Vequaud,mvequaudff@vistaprint.com
557,Agneta,Milnes,amilnesfg@harvard.edu
558,Bendite,Reichelt,
559,Gordan,MacKibbon,gmackibbonfi@ucla.edu
560,Cammi,Skillington,
561,Jillayne,Dorricott,jdorricottfk@elegantthemes.com
562,Ivette,Anthoine,ianthoinefl@marriott.com
563,Wernher,Rubinivitz,wrubinivitzfm@squidoo.com
564,Nealy,Rookledge,
565,Ambros,Meltetal,
566,Gregory,Nanuccioi,gnanuccioifp@dell.com
567,Gerta,Banger,
568,Bryan,Keech,bkeechfr@state.gov
569,Eachelle,Rollins,erollinsfs@miitbeian.gov.cn
570,Lucky,Garces,lgarcesft@senate.gov
571,Adena,Dundin,adundinfu@time.com
572,Quinlan,Hastwall,
573,Damon,Creus,dcreusfw@scribd.com
574,Myrta,Peat,mpeatfx@bing.com
575,Godfrey,Shrubshall,
576,Rory,Whelpton,rwhelptonfz@zdnet.com
577,Ivett,Farryn,ifarryng0@deliciousdays.com
578,Madelin,Petrozzi,mpetrozzig1@mit.edu
579,Kristos,Whiteway,kwhitewayg2@spotify.com
580,Nessy,Joscelyne,njoscelyneg3@nifty.com
581,Atlanta,Corrigan,acorrigang4@issuu.com
582,Valentin,Dawney,
583,Chicky,Goold,
584,Noll,Jakov,njakovg7@rambler.ru
585,Nicky,De Bruijn,
586,Willi,Conyer,wconyerg9@unc.edu
587,Gunar,Windows,gwindowsga@theatlantic.com
588,Aubrette,Glenton,
589,Goddart,Moutray Read,
590,Ephraim,Dominik,
591,Claudio,Booeln,cbooelnge@unesco.org
592,Wilhelmine,Blucher,wbluchergf@businessweek.com
593,Carrissa,Paulitschke,cpaulitschkegg@earthlink.net
594,Ryun,Tansly,rtanslygh@java.com
595,Lissie,Enbury,lenburygi@deliciousdays.com
596,Melita,Vonderdell,mvonderdellgj@jalbum.net
597,Creigh,Conkey,cconkeygk@apple.com
598,Vincent,Heibel,vheibelgl@photobucket.com
599,Jeffrey,Adlem,jadlemgm@nhs.uk
600,Denys,Satterthwaite,dsatterthwaitegn@4shared.com
601,Sallyann,Ralph,sralphgo@forbes.com
602,Alvan,Foulger,afoulgergp@sciencedirect.com
603,Sherilyn,Angood,sangoodgq@smh.com.au
604,Cassie,Mangam,cmangamgr@altervista.org
605,Gian,Littrell,glittrellgs@si.edu
606,Bree,Heakey,bheakeygt@arizona.edu
607,Orsa,Swabey,oswabeygu@friendfeed.com
608,Audi,Mew,
609,Tabatha,Eyeington,
610,Jaynell,Stanyon,
611,Prisca,Slocumb,pslocumbgy@yale.edu
612,Matthieu,Jeduch,
613,Marybelle,Mockes,mmockesh0@tinypic.com
614,Harrison,Birtwisle,hbirtwisleh1@umich.edu
615,Berry,Children,
616,Juliette,Ledger,
617,Lancelot,Kitcat,lkitcath4@aol.com
618,Marita,Hentzer,
619,Abe,Moreby,amorebyh6@go.com
620,Benn,Willatts,bwillattsh7@elpais.com
621,Alyosha,Otham,aothamh8@bizjournals.com
622,Bentlee,McNeice,bmcneiceh9@tiny.cc
623,Thayne,Fell,
624,Nataniel,Geeritz,ngeeritzhb@army.mil
625,Davine,Mellhuish,dmellhuishhc@ca.gov
626,Belle,Friett,bfrietthd@paypal.com
627,Berkeley,Melan,bmelanhe@edublogs.org
628,Cybil,Drioli,cdriolihf@who.int
629,Friedrick,Margiotta,fmargiottahg@smh.com.au
630,Toby,Petruska,tpetruskahh@economist.com
631,Alidia,Chotty,
632,Guntar,Feore,
633,Floyd,Kentish,fkentishhk@miitbeian.gov.cn
634,Toby,Banister,
635,Dukie,McCallum,dmccallumhm@hugedomains.com
636,Rosabel,Pheby,
637,Lucia,Sheen,
638,Eamon,McCorley,emccorleyhp@ustream.tv
639,Jolee,Whiteway,jwhitewayhq@unicef.org
640,Fawn,Stapels,fstapelshr@google.it
641,Kassia,Esom,kesomhs@engadget.com
642,Lemmy,Claybourn,
643,Shay,Raddish,sraddishhu@npr.org
644,Osborne,Benedicte,obenedictehv@technorati.com
645,Jodi,Shilleto,
646,Marlena,Luna,
647,Coretta,France,cfrancehy@bandcamp.com
648,Viviana,Pettigree,
649,Putnam,Boseley,pboseleyi0@cdc.gov
650,Ber,Le Friec,blefrieci1@slideshare.net
651,Averill,Dowker,
652,Babara,Cambridge,bcambridgei3@fda.gov
653,Barbra,Brecknall,bbrecknalli4@spotify.com
654,Mord,Razoux,mrazouxi5@mtv.com
655,Carlo,Checcucci,ccheccuccii6@wix.com
656,Andie,Allenby,
657,Davita,Lynthal,dlynthali8@ftc.gov
658,Antonella,Coch,acochi9@issuu.com
659,Lanna,Sayre,lsayreia@infoseek.co.jp
660,Marylynne,Bettles,
661,Clio,Spiniello,cspinielloic@163.com
662,Mignonne,Gillyett,mgillyettid@utexas.edu
663,Thorndike,Lomasny,tlomasnyie@uol.com.br
664,Thadeus,Rudgard,trudgardif@prweb.com
665,Shelton,Lightfoot,slightfootig@lycos.com
666,Teresa,Barkes,tbarkesih@reverbnation.com
667,Edan,Huckle,ehuckleii@webs.com
668,Philly,Pohling,ppohlingij@soundcloud.com
669,Hymie,Coniam,hconiamik@icq.com
670,Caprice,Aidler,caidleril@virginia.edu
671,Bay,MacTrustie,bmactrustieim@examiner.com
672,Quintilla,Iscowitz,qiscowitzin@sfgate.com
673,Chrystel,Fraine,
674,Gregorius,Biscomb,
675,Catherin,Lusgdin,clusgdiniq@gizmodo.com
676,Cassie,Frediani,
677,Letitia,Boddie,lboddieis@wisc.edu
678,Morley,Sausman,msausmanit@gmpg.org
679,Conroy,Sambells,csambellsiu@vk.com
680,Leroi,Weekland,lweeklandiv@shareasale.com
681,Starr,Syversen,
682,Cherish,Depper,cdepperix@addthis.com
683,Chloe,Forde,cfordeiy@w3.org
684,Martyn,Hintze,mhintzeiz@cargocollective.com
685,Kerrin,Shippard,kshippardj0@wikimedia.org
686,Ernest,Bisp,ebispj1@moonfruit.com
687,Corty,Tomsett,
688,Marcellina,Nacey,mnaceyj3@marriott.com
689,Adrea,Bussy,abussyj4@google.com.hk
690,Ludvig,Dimberline,ldimberlinej5@canalblog.com
691,Ava,Francis,
692,Dolly,Marthen,
693,Clayson,Wagon,
694,Jemmie,Jordine,jjordinej9@furl.net
695,Dale,Inkle,
696,Cristobal,Robjents,crobjentsjb@creativecommons.org
697,Jessalin,Walstow,jwalstowjc@slashdot.org
698,Mackenzie,Lindelof,
699,Brennen,Cozby,bcozbyje@taobao.com
700,Crista,Dinning,
701,Talyah,Tabram,ttabramjg@nationalgeographic.com
702,De,Paulillo,
703,Gard,Luquet,
704,Cynthia,Rablen,crablenjj@bandcamp.com
705,Gilles,Southorn,gsouthornjk@surveymonkey.com
706,Gerda,Brocklebank,
707,Jo,Pelos,jpelosjm@nih.gov
708,Lurleen,Powis,lpowisjn@ucoz.com
709,Rois,Billson,
710,Randi,Imlacke,rimlackejp@imgur.com
711,Waldo,Halsted,whalstedjq@redcross.org
712,Mellie,Purle,
713,Nickolai,Sellars,nsellarsjs@w3.org
714,Evelyn,Gorgl,
715,Dory,Szubert,dszubertju@mlb.com
716,Rex,Lodovichi,
717,Hayyim,Shanklin,hshanklinjw@php.net
718,Mariquilla,de Lloyd,mdelloydjx@360.cn
719,Dionis,Ewbach,dewbachjy@weebly.com
720,Ignace,Middlewick,
721,Carlyn,Geri,
722,Gothart,Binnall,gbinnallk1@amazon.co.jp
723,Kalli,Ida,kidak2@ask.com
724,Helsa,Fieldsend,hfieldsendk3@ft.com
725,Becka,Eidler,beidlerk4@slate.com
726,Sandi,Chippendale,schippendalek5@tuttocitta.it
727,Holly-anne,Chimienti,hchimientik6@desdev.cn
728,Amargo,Drinkel,
729,Spenser,Fawson,
730,Shir,Leving,slevingk9@feedburner.com
731,Perl,Finnis,
732,Malvin,Lineham,mlinehamkb@marketwatch.com
733,Torrance,Winham,
734,Yorker,Easterbrook,yeasterbrookkd@cdbaby.com
735,Misti,Girton,
736,Brianna,Macken,bmackenkf@behance.net
737,Pierce,Spatig,
738,Vinnie,Herion,vherionkh@toplist.cz
739,Henri,Trythall,
740,Carlynn,Allwell,
741,Putnem,Duckers,pduckerskk@jigsy.com
742,Jere,Kytter,jkytterkl@shutterfly.com
743,Barbaraanne,Gathercoal,
744,Lissa,Tomkys,ltomkyskn@cbsnews.com
745,Magda,Meneghi,mmeneghiko@sitemeter.com
746,Kimberlee,Klaas,kklaaskp@amazon.co.jp
747,Diana,Piens,dpienskq@freewebs.com
748,Anet,Wadworth,awadworthkr@psu.edu
749,Odelia,Marquiss,omarquissks@disqus.com
750,Gino,Fairley,gfairleykt@twitpic.com
751,Elenore,MacCaghan,emaccaghanku@wired.com
752,Jany,Karlolak,jkarlolakkv@forbes.com
753,Shel,Larmett,slarmettkw@soup.io
754,Jens,Skelbeck,jskelbeckkx@ocn.ne.jp
755,Aylmar,Grantham,
756,Ray,D'Adda,rdaddakz@livejournal.com
757,Nesta,Amori,namoril0@tripod.com
758,Lynna,Burkill,lburkilll1@noaa.gov
759,Jana,Bogaert,jbogaertl2@clickbank.net
760,Ike,De Santos,
761,Mikol,Deighan,mdeighanl4@hexun.com
762,Corabella,Maleby,cmalebyl5@seesaa.net
763,Sallyanne,Dubock,
764,Amos,Garron,agarronl7@usa.gov
765,Gill,Moss,
766,Mylo,Zavattari,mzavattaril9@loc.gov
767,Ingemar,Cristofari,icristofarila@howstuffworks.com
768,Johny,Humbie,jhumbielb@theglobeandmail.com
769,Nada,Henrot,nhenrotlc@angelfire.com
770,Isidor,Seson,isesonld@latimes.com
771,Sutherlan,Guyver,
772,Francine,McLleese,
773,Martita,Threadgill,
774,Opal,Crasford,ocrasfordlh@opera.com
775,Eli,Banaszczyk,ebanaszczykli@yelp.com
776,Eddy,Ygo,
777,Peder,Syer,psyerlk@skyrock.com
778,Archibald,Fillingham,afillinghamll@un.org
779,Fayth,Sympson,fsympsonlm@latimes.com
780,Lizzy,Faldo,lfaldoln@ucoz.com
781,Kenton,Carlisi,kcarlisilo@odnoklassniki.ru
782,Ellerey,L'Episcopi,
783,Charlean,Pawley,cpawleylq@biblegateway.com
784,Thornie,Vescovini,tvescovinilr@washington.edu
785,Alisander,Mastrantone,amastrantonels@scribd.com
786,Cleveland,Dan,cdanlt@wikia.com
787,Luce,Gilligan,lgilliganlu@cisco.com
788,Thaddus,Monroe,tmonroelv@domainmarket.com
789,Joanne,Chaffe,jchaffelw@noaa.gov
790,Rriocard,Ashard,rashardlx@zdnet.com
791,Celisse,Shovel,
792,Brita,Pedrazzi,bpedrazzilz@unc.edu
793,Malanie,Myderscough,mmyderscoughm0@chicagotribune.com
794,Magdalen,Garbutt,mgarbuttm1@prnewswire.com
795,Marcia,Caesar,
796,Thoma,Steere,tsteerem3@seattletimes.com
797,Allissa,Audenis,aaudenism4@example.com
798,Bella,Gammell,
799,Greer,Robyns,grobynsm6@uiuc.edu
800,Izabel,Grinaway,igrinawaym7@accuweather.com
801,Ramsey,Josland,
802,Gaylor,Balsdone,gbalsdonem9@mashable.com
803,Gregg,Malyon,gmalyonma@shinystat.com
804,Adriena,O'Farris,
805,Ertha,Pelos,
806,Louisette,Delia,
807,Dido,Larkcum,dlarkcumme@usda.gov
808,Kelwin,Mowbray,kmowbraymf@com.com
809,Jo ann,Klainer,jklainermg@slideshare.net
810,Stacy,Menichino,smenichinomh@shareasale.com
811,Angelia,Dafydd,
812,Cassandry,Tomasicchio,ctomasicchiomj@soup.io
813,Hamlen,Brankley,hbrankleymk@epa.gov
814,Beatrisa,Petley,bpetleyml@archive.org
815,Leticia,Minghetti,
816,Maxie,Welman,mwelmanmn@unblog.fr
817,North,Leney,nleneymo@chron.com
818,Jess,Sporrij,
819,Peterus,MacCaughen,pmaccaughenmq@rakuten.co.jp
820,Fanchette,Trigg,
821,Lauretta,Brenstuhl,
822,Berkeley,Domm,
823,Derick,Pietraszek,dpietraszekmu@wikipedia.org
824,Vincent,Reason,vreasonmv@cyberchimps.com
825,Bud,Olivo,bolivomw@elpais.com
826,Karen,Connell,kconnellmx@weebly.com
827,Arlinda,Schachter,aschachtermy@unesco.org
828,Agneta,Galiero,
829,Ora,Woffinden,owoffindenn0@bigcartel.com
830,Zeb,Lude,
831,Kinnie,Murphey,kmurpheyn2@youku.com
832,Annis,Kensington,akensingtonn3@jiathis.com
833,Ira,Pearce,
834,Nell,Furbank,
835,Tim,Mulholland,tmulhollandn6@facebook.com
836,Tracy,Verlander,
837,Robin,O' Cloney,
838,Shalom,Drinkhall,sdrinkhalln9@i2i.jp
839,Zorina,Pleass,zpleassna@51.la
840,Marika,Clemmow,mclemmownb@cnbc.com
841,Annecorinne,Margery,
842,Cirilo,Binne,cbinnend@cbc.ca
843,Jobie,Layton,
844,Ardra,Haskins,ahaskinsnf@plala.or.jp
845,Petey,Oblein,
846,Emmerich,Humpherston,ehumpherstonnh@prweb.com
847,Trey,Tripet,ttripetni@paypal.com
848,Flossy,Hairon,fhaironnj@live.com
849,Kelcy,McAlpine,kmcalpinenk@cloudflare.com
850,Audry,Vaughan,avaughannl@icq.com
851,Melvyn,McLugish,
852,Trenton,Batho,tbathonn@weebly.com
853,Missie,Baigrie,mbaigrieno@reference.com
854,Zacharias,Pickford,zpickfordnp@creativecommons.org
855,Jamill,Doulton,jdoultonnq@tripadvisor.com
856,Vally,Cansdill,vcansdillnr@livejournal.com
857,Pedro,Janeczek,pjaneczekns@prlog.org
858,Sharron,Joubert,sjoubertnt@marketwatch.com
859,Edeline,Foxcroft,efoxcroftnu@geocities.com
860,Oswald,Volet,ovoletnv@usa.gov
861,Ernestine,Greer,egreernw@weebly.com
862,Jeniece,Esley,jesleynx@jugem.jp
863,Goldina,Allot,
864,Aron,Hearsum,ahearsumnz@slideshare.net
865,Arly,Rainsden,arainsdeno0@lulu.com
866,Hollis,Van Merwe,hvanmerweo1@miitbeian.gov.cn
867,Zach,Dmitriev,zdmitrievo2@thetimes.co.uk
868,Sigismond,Raisbeck,sraisbecko3@usatoday.com
869,Arleen,Millen,amilleno4@google.ru
870,Miof mela,Scarsbrooke,
871,Marina,Askwith,maskwitho6@bloglovin.com
872,Courtney,Walbridge,cwalbridgeo7@mit.edu
873,Natividad,Mieville,nmievilleo8@biblegateway.com
874,Clint,Charrisson,ccharrissono9@51.la
875,Lorens,Rogeon,lrogeonoa@wikia.com
876,Vincents,Slucock,
877,Sydney,Fenner,sfenneroc@hubpages.com
878,Kristien,Konzelmann,
879,Kelvin,Ambrosoni,kambrosonioe@nydailynews.com
880,Holmes,Beckingham,hbeckinghamof@i2i.jp
881,Claudine,Tilbrook,
882,Alberto,Elis,aelisoh@posterous.com
883,Marleah,Little,mlittleoi@tripadvisor.com
884,Bertrando,Bignall,bbignalloj@ucoz.com
885,Godfry,Humbell,
886,Jamaal,Mingardo,jmingardool@sohu.com
887,Christie,Shrimplin,cshrimplinom@discovery.com
888,Jerrie,Ratchford,jratchfordon@cdbaby.com
889,Merrill,Barron,mbarronoo@networksolutions.com
890,Solomon,Bony,sbonyop@msu.edu
891,Kizzee,Cooling,kcoolingoq@yandex.ru
892,Katerine,Derwin,kderwinor@altervista.org
893,Norry,Ogilvie,nogilvieos@phpbb.com
894,Jobie,Cheales,jchealesot@admin.ch
895,Maje,Bevington,mbevingtonou@elpais.com
896,Fancie,Pomfret,fpomfretov@ftc.gov
897,Valene,Puttan,
898,Waverley,Cullnean,
899,Arthur,Giacomozzo,
900,Wyatt,MacIllrick,wmacillrickoz@ted.com
901,Prince,Rubica,prubicap0@patch.com
902,Gram,Blasing,
903,Lydie,Saleway,lsalewayp2@go.com
904,Bradan,Burrell,
905,Ramona,Headon,rheadonp4@delicious.com
906,Bernice,Lovekin,blovekinp5@xinhuanet.com
907,Rosabel,Le Surf,rlesurfp6@whitehouse.gov
908,Myrle,Kobke,mkobkep7@spiegel.de
909,Shurlocke,Bamlett,sbamlettp8@opera.com
910,Nesta,Follet,nfolletp9@seattletimes.com
911,Lucas,Irnis,lirnispa@sciencedaily.com
912,Wendy,Shanklin,wshanklinpb@1688.com
913,Salvatore,Sprull,ssprullpc@ox.ac.uk
914,Enrica,Mityakov,
915,Davida,Duignan,
916,Dorey,Tomley,dtomleypf@hugedomains.com
917,Marcello,Firman,mfirmanpg@mapquest.com
918,Jasper,Smy,jsmyph@about.com
919,Eachelle,Bourdice,ebourdicepi@imageshack.us
920,Dietrich,Winram,dwinrampj@china.com.cn
921,Brittani,Godlonton,bgodlontonpk@springer.com
922,Randal,Tamburo,rtamburopl@t.co
923,Marillin,Rosberg,
924,Tawnya,Petrelluzzi,tpetrelluzzipn@reddit.com
925,Eddy,Walak,ewalakpo@boston.com
926,Edythe,Josskoviz,ejosskovizpp@phpbb.com
927,Christabella,Blakeden,
928,Allyson,Clamp,aclamppr@qq.com
929,Robb,Hollebon,rhollebonps@amazon.co.jp
930,Tanny,Ogg,toggpt@nps.gov
931,Jacki,Awdry,
932,Rois,Fedorchenko,rfedorchenkopv@godaddy.com
933,Quinton,Farnhill,qfarnhillpw@stanford.edu
934,Anderea,Caplen,acaplenpx@ftc.gov
935,Pepillo,Figger,pfiggerpy@harvard.edu
936,Petronella,Yannikov,pyannikovpz@zdnet.com
937,Skippy,Desvignes,sdesvignesq0@drupal.org
938,Gilbert,Bragginton,gbraggintonq1@e-recht24.de
939,Hal,Addison,
940,Randie,Le Monnier,
941,Joell,Symones,jsymonesq4@vkontakte.ru
942,Rici,Geck,rgeckq5@ning.com
943,Johanna,Crease,jcreaseq6@fc2.com
944,Harper,Botterill,
945,Madge,Bisgrove,mbisgroveq8@nbcnews.com
946,Barbe,Lockless,blocklessq9@go.com
947,Everard,Dalgarno,edalgarnoqa@yale.edu
948,Julienne,Tollow,
949,Harmony,Rulten,hrultenqc@illinois.edu
950,Sarina,Worpole,
951,Ina,Pickavance,ipickavanceqe@yelp.com
952,Westleigh,Lightowlers,wlightowlersqf@abc.net.au
953,Roland,Josham,rjoshamqg@gnu.org
954,Bar,Massenhove,bmassenhoveqh@discuz.net
955,Luciano,Stainson,
956,Saundra,Clarson,sclarsonqj@vimeo.com
957,Farrah,Camili,
958,Kenna,Clyant,
959,Chaunce,Lukes,clukesqm@gov.uk
960,Clyve,Gianneschi,cgianneschiqn@last.fm
961,Dougy,Papierz,dpapierzqo@foxnews.com
962,Talbert,Bubbings,tbubbingsqp@topsy.com
963,Caty,Josebury,
964,Muffin,Bum,
965,Tammi,De Wolfe,tdewolfeqs@skype.com
966,Dorotea,Delia,
967,Harrietta,Lohering,hloheringqu@google.nl
968,Pall,Westpfel,pwestpfelqv@ehow.com
969,Art,Oxenbury,aoxenburyqw@merriam-webster.com
970,Woodman,McCluin,wmccluinqx@cdc.gov
971,Esmeralda,Paoli,epaoliqy@plala.or.jp
972,Ebony,Moores,emooresqz@jimdo.com
973,Emanuele,Jovicic,ejovicicr0@google.co.uk
974,Brinna,Garland,bgarlandr1@irs.gov
975,Persis,Branchett,
976,Lev,Chillingworth,
977,Fawne,Asken,
978,Brook,Emmanuel,bemmanuelr5@networksolutions.com
979,Waly,Whye,wwhyer6@mapy.cz
980,Mendy,Twell,
981,Laetitia,Wakenshaw,
982,Cassie,McCaig,
983,Penny,Wapol,
984,Stacia,Yokel,syokelrb@timesonline.co.uk
985,Brice,Goodwyn,
986,Jacquette,Mariolle,
987,Oralle,Epps,oeppsre@a8.net
988,Andreana,Pogg,apoggrf@pcworld.com
989,Rochelle,Tate,rtaterg@businessinsider.com
990,Diann,Kobus,
991,Jerad,Klezmski,jklezmskiri@fastcompany.com
992,Caspar,Busen,cbusenrj@ft.com
993,Aloysius,Twinbrow,atwinbrowrk@java.com
994,Cal,Longcake,clongcakerl@sun.com
995,Danny,Rapport,drapportrm@reddit.com
996,Free,Manicomb,fmanicombrn@jiathis.com
997,Henry,Nurse,
998,Morgun,Eytel,meytelrp@about.com
999,Kitty,Jeary,kjearyrq@nbcnews.com
1000,Kamillah,Feirn,
